01 Real Book 1 (Bb) foreword,4,4
01 Real Book 1 (Bb) index,5,10
African Flower,18,18
Afro Blue,19,19
Afternoon In Paris,20,20
Airegin,21,21
Alice In Wonderland,22,22
All Blues,23,23
All In Love Is Fair,24,24
All My Tomorrows,25,25
All Of Me,26,26
All Of You,27,27
All The Things You Are,28,28
Alone Together,29,29
Ana Maria,30,31
And Now The Queen,32,32
And On The Third Day,33,33
Angel Eyes,34,34
Anthropology,35,35
April In Paris,36,36
April Joy,37,37
Arise Her Eyes,38,39
Armageddon,40,40
Around Again,32,32
As Time Goes By,41,41
Au Privave,42,42
Autumn In New York,43,43
Autumn Leaves,46,46
Ay Arriba!,44,45
Ballet,47,47
Batterie,48,48
Beautiful Love,49,49
Beauty And The Blast,50,50
Beneath It All,51,51
Bessie's Blues,52,52
Bewitched,53,53
Big Nick,54,54
Bitter Suite In The Ozone,55,55
Black Diamond,56,56
Black Narcissus,57,57
Black Nile,58,58
Black Orpheus,59,59
Blessed Relief,60,60
Blue Bossa,61,61
Blue Comedy,62,62
Blue In Green,63,63
Blue Monk,64,64
Blue Room,65,65
Blue Train,68,68
Blues For Alice,67,67
Bluesette,66,66
Body And Soul,69,69
Boplicity,70,70
Boston Marathon,71,71
Brainville,72,73
Bright Size Life,74,74
Broadway Blues,75,75
Brownout,76,76
But Beautiful,77,77
Butterfly,78,79
Call For All Demons,11,11
Canyon Song,82,82
Captain Marvel,80,81
Central Park West,166,166
Ceora,83,83
Chega De Saudade,84,75
Chelsea Bells,86,86
Chelsea Bridge,87,87
Cherokee,88,88
Chicken Feathers,89,89
Child Is Born,12,12
Children's Song,90,91
Chippie,95,95
Colors Of Chloe,92,94
Come Sunday,98,98
Como En Vietnam,96,97
Con Alma,99,99
Conception,100,100
Conference Of The Birds,101,101
Confirmation,102,102
Coral,103,103
Corcovado,104,104
Cottontail,105,105
Could It Be You,106,106
Countdown,107,107
Country Roads,108,108
Crescent,109,109
Crystal Silence,110,110
Daahoud,111,111
Dancing On The Ceiling,112,112
Darn That Dream,113,113
Day Waves,116,116
Days And Nights Waiting,114,114
Days Of Wine And Roses,115,115
De Pois De Amor O'vazio,120,121
Dear Old Stockholm,118,118
Dearly Beloved,117,117
Delores,119,119
Deluge,126,126
Desafinado,122,123
Desert Air,124,125
Dexterity,127,127
Django,130,130
Doin' The Pig,128,129
Dolphin Dance,132,132
Dolphin The,131,131
Domino Biscuit,133,133
Donna Lee,134,134
Don't Blame Me,135,135
Don't Get Around Much Anymore,136,136
Duke The,137,137
E.S.P.,151,151
Easy Living,139,139
Easy To Love,140,140
Ecclusiastics,141,141
Eiderdown,142,143
Eighty One,144,144
El Gaucho,145,145
Elizete,146,146
Empathy,147,147
Epistrophy,148,148
Equinox,149,149
Equipoise,150,150
Exercise #3,152,152
Exercise #6,153,153
Fables Of Faubus,154,155
Fall,156,156
Falling Grace,157,157
Falling In Love With Love,158,158
Family Joy,14,15
Fee-Fi-Fo-Fum,159,159
Feelings And Things,160,160
"Fields We Know, The",161,
Fine Romance,13,13
Five Hundred Miles High,162,162
502 Blues,163,163
Flags,166,166
Foggy Day,16,16
Follow Your Heart,164,165
Footprints,167,167
For Heavens Sake,169,169
Forest Flower,168,168
Fortune Smiles,170,170
Four On Six,172,172
Four Winds,173,173
Four,171,171
Freddie The Freeloader,174,174
Freedom Jazz Dance,175,175
Gary's Waltz,176,176
Gemini,177,177
General Mojo's Well Laid Plan,178,178
Gentle Rain,179,179
Giant Steps,180,180
Girl From Ipanema,181,181
Gloria's Step,182,182
God Bless The Child,183,183
Golden Lady,184,184
Good Evening Mr. And Mrs. America,186,187
Goodbye Porkpie Hat,185,185
Grand Central,188,188
Green Dolphin Street,189,189
Green Mountains,190,190
Groovin' High,191,191
Grow Your Own,192,193
Half Nelson,194,194
Hassan's Dream,195,195
Have You Met Miss Jones,196,196
Heaven,197,197
Hello Young Lovers,198,199
Henninger Flats,200,200
Here's That Rainy Day,201,201
Herzog,202,203
Hey There,204,204
Hold Out Your Hand,205,205
Hotel Hello,208,210
Hotel Overture,206,206
Hotel Vamp,207,207
House Of Jade,211,211
How High The Moon,212,212
How Insensitive,213,213
How My Heart Sings,214,214
Hullo Bolinas,215,215
I Can't Get Started,218,218
I Could Write A Book,219,219
I Got It Bad,223,223
I Let A Song Go Out Of My Heart,224,224
I Love You,225,225
I Mean You,229,229
I Remember Clifford,245,245
I Should Care,247,247
Icarus,216,217
Ictus,48,48
Ida Lupino,220,221
If You Never Come To Me,222,222
I'll Remember April,228,228
I'm All Smiles,226,227
I'm Your Pal,231,231
Impressions,230,230
In A Mellow Tone,232,232
In A Sentimental Mood,233,233
In Your Own Sweet Way,242,242
In Your Quiet Place,243,243
Inchworm,234,234
Indian Lady,235,235
Inner Urge,239,239
Inside In,236,238
Interplay,240,240
Intrepid Fox,241,241
Invitation,244,244
Iris,246,246
Isn't It Romantic,248,248
Isotope,249,249
Israel,250,250
It Don't Mean A Thing (If It Ain't Got That Swing),251,251
It's A Raggy Waltz,252,252
Jelly Roll,253,253
Jinrikisha,254,254
Jordu,255,255
Journey To Recife,256,256
Joy Spring,257,257
Jump Monk,260,261
June 15th 1967,262,263
Just Friends,259,259
La Fiesta,264,255
Lady Bird,266,266
Lament,267,267
Las Vegas Tango,268,268
Lazy Bird,269,269
Leroy The Magician,270,270
Lie Awake,271,271
Like Someone In Love,272,272
Limehouse Blues,273,273
Litha,274,275
Little B's Poem,276,276
Little Niles,277,277
Little Waltz,280,280
Liturgy,278,279
Long Ago And Far Away,282,282
Long As You Know You're Living Yours,281,281
Lonnie's Lament,283,283
Look To The Sky,284,284
Looking Back,285,285
Lucky Southern,286,286
Lullaby Of Birdland,287,287
Lush Life,288,289
Magician In You The,290,290
Maiden Voyage,291,291
Majoong,296,296
Mallet Man,292,293
Man In The Green Shirt,294,295
May Dance,297,297
Meditation,298,298
Memories Of Tomorrow,299,299
Memphis Underground,315,315
Mevlevia,300,291
Michelle,302,302
Midnight Mood,303,303
Midwestern Nights Dream,491,491
Milano,304,304
Minority,305,305
Misty,306,306
Miyako,307,307
Molten Glass,308,308
Moment's Notice,309,309
Montage,310,310
Mood Indigo,311,311
Moon Germs,312,312
Moonchild,103,103
"More I See You, The",313,
Mother Of The Dead Man,314,314
Mr. P.C.,315,315
My Favorite Things,316,316
My Foolish Heart,317,317
My Funny Valentine,318,318
My Little Boat,319,319
My One And Only Love,320,320
My Romance,321,321
My Ship,324,324
Mysterious Traveler,322,323
Naima,325,325
Nardis,326,326
Nefertiti,327,327
Never Will I Marry,328,328
Nica's Dream,329,329
Night And Day,330,330
Night Dreamer,331,331
Night Has A Thousand Eyes,332,332
"Night In Tunisia, A",17,
Nimbus,333,333
Nonsequence,334,335
Nostalgia In Times Square,336,336
Oleo,337,337
Olhos De Gato,338,338
Once I Loved,339,339
One Finger Snap,340,340
One Note Samba,341,341
Open Your Eyes You Can Fly,342,343
Orbits,344,344
Ornithology,345,345
Out Of Nowhere,346,346
Passion Dance,347,347
Peace,350,350
Peaches En Regalia,348,349
Pearlie's Swine,351,351
Pee Wee,352,352
Peggy's Blue Skylight,353,353
Pensativa,354,355
Pent-Up House,356,356
Peri's Scope,357,357
Pfrancing (No Blues),358,358
Pinocchio,359,359
Pithycanthropus Erectus,360,360
Played Twice,361,361
Portsmouth Figurations,362,362
Prelude To A Kiss,363,363
Prince Of Darkness,364,364
Pussy Cat Dues,365,365
Quiet Now,366,366
"Raven, The",367,
Real Guitarist,368,368
Recordame,369,369
Red Clay,372,372
Reincarnation Of A Lovebird,370,371
Resolution,373,373
Round Midnight,374,374
Saga Of Harrison Crabfeathers,375,375
Same Shame,376,376
Satin Doll,377,377
Scotch 'N' Soda,378,378
Scrapple From The Apple,379,379
Sea Journey,380,381
Self Portrait In 3 Colors,382,382
Semblence,383,383
Serenade To A Cuckoo,387,387
Seven Come Eleven,388,388
Seven Steps To Heaven,389,389
Se√±or Mouse,384,386
Shades Of Light,390,390
Shadow Of Your Smile,391,391
Sidewinder,392,392
Sing Me Softly Of The Blues,393,393
Skating In Central Park,394,394
Slowly Gone Bygone,395,395
So What,409,409
Solar,396,396
Solitude,397,397
Some Other Time,399,399
Some Skunk Funk,400,401
Someday My Prince Will Come,398,398
Sometime Ago,402,402
Son Of Mr. Green Genes,406,406
Song For My Father,404,404
Song Is You,405,405
Song,403,403
Sophisticated Lady,407,407
Sorcerer,408,408
Space Circus Part 1,410,411
Space Circus Part 2,412,413
Spain,492,494
Speak No Evil,414,414
Spiral Dance,415,415
Spring Is Here,416,416
Star-Crossed Lovers,417,417
Stella By Starlight,418,418
Steps,419,419
Stolen Moments,420,420
Stompin' At The Savoy,421,421
Straight No Chaser,422,422
Stuff,423,423
Sugar,424,424
Summer Samba,425,425
Swedish Pastry,426,426
Sweeping Up,210,210
Sweet Georgia Bright,427,427
Sweet Henry,428,428
Sweet Rain,429,429
Take Five,430,430
"Take The ""A"" Train",431,431
Tame Thy Pen,432,432
Tell Me A Bedtime Story,434,435
There Is No Greater Love,433,433
There Will Never Be Another You,436,436
They Can't Take That Away From Me,437,437
Think On Me,438,438
Three Flowers,439,439
Time Remembered,442,442
Tones For Joan's Bones,440,441
Tough Talk,443,443
Train Samba,444,444
Trance,445,445
Triste,446,446
Tune Up,447,447
Turn Out The Stars,448,448
12-4 2-4/Duplicities,138,138
Unquity Road,449,449
Up Jumped Spring,450,450
Upper Manhattan Medical Group,451,451
Vashkar,452,452
Very Early,453,453
Virgo,454,454
Wait Till You See Her,455,455
Walkin',456,456
Walter L.,457,457
Waltz For A Lovely Wife,459,459
Waltz For Debby,460,460
Waltz,458,458
Waltzin',461,461
Wave,462,462
We'll Be Together Again,463,463
Well You Needn't,464,464
West Coast Blues,465,465
What Am I Here For,466,466
What Are You Doing The Rest Of Your Life,467,467
What Is This Thing Love,470,470
What Was,468,469
When I Fall In Love,471,471
When Sunny Gets Blue,472,472
Where Are You,473,473
Wild Flower,474,475
Windows,476,477
Wings Of Karma,478,478
Witch Hunt,479,479
Woody'n You,480,480
Yes Or No,481,481
Yesterday,482,482
Yesterdays,483,483
You Are The Sunshine Of My Life,484,484
You Are Too Beautiful,485,485
You Don't Know What Love Is,486,486
You Took Advantage Of Me,487,487
